{
  "sceneName":  "Xixi_test_butterfly_external_feature",
  "paths":{
    "colmap_app_path": "colmap",
    "model_proj_path":  "/data/largescene/qj_city_block_selected",
    "model_proj_image_path": "/data/largescene/qj_city_block_selected/images",
    "scene_proj_path": "/data/largescene/qj_city_block_selected/Scene_qj_city_blockA_daynight/dlreloc",
    "hfnet_proj_path": "/home/mm/ARWorkspace/AREngine2/src/dlfeatures",
    "image_ext": ".jpg"
  },

  "cameras":{
      "base": "OPENCV_FISHEYE",
      "charuco": "OPENCV_FISHEYE",
      "loc": "SIMPLE_RADIAL"
  },

  "run":{
    "external.hfnet_extractor": 1,
    "external.hfnet_matcher": 0,
    "colmap.hfnet_database": 0,
    "custom.model_reorder": 0,
    "colmap.hfnet_model": 1,
    "copy.scene_net": 1,
    "copy.scene_features": 1,
    "copy.scene_colmap_model": 1,
    "copy.scene_images": 0
  },

  "commands":{
    "external.hfnet_extractor":  {
      "note": "hfnet特征提取，外部python命令",
      "name": "hfnet_extractor",
      "image_path": "${global.model_proj_image_path}",
      "input_model":"${global.model_proj_path}/sparse/loc",
      "feature_path":"${global.model_proj_path}/features/hfnet",
      "type": "python",
      "request": "launch",
      "compiler": "python3",
      "program": "${global.hfnet_proj_path}/tools/extract_features.py",
      "args":[
        "--jonson_tag", "hfnet",
        "--dlfeatures_type", "hfnet",
        "--dlfeatures_assets_path", "${global.hfnet_proj_path}/native/assets_hfnet",
        "--image_path","${image_path}",
        "--image_ext", "${global.image_ext}",
        "--model_path","${input_model}",
        "--feature_path","${feature_path}",
        "--image_subfolder_nums","-1"
      ]  
    },

    "external.hfnet_matcher":{
      "note": "hfnet特征匹配，外部python命令",
      "name": "hfnet_matcher",
      "database": "${global.model_proj_path}/bipath.db",
      "image_path": "${global.model_proj_image_path}",
      "feature_path":"${global.model_proj_path}/features/hfnet",
      "match_file":"${feature_path}/match_file.txt",
      "type": "python",
      "request": "launch",
      "compiler": "python3",
      "program": "${global.hfnet_proj_path}/tools/match_features_with_db_prior.py",
      "args":[
        "--database_file", "${database}",
        "--feature_ext", ".npz",
        "--image_dir", "${image_path}",
        "--feature_dir", "${feature_path}/npz",
        "--match_list_path", "${match_file}",
        "--use_ratio_test", 
        "--ratio_test_values 0.8"
      ]
    },

    "colmap.hfnet_database":{
      "note": "新建db，导入自定义特征",
      "database": "${global.model_proj_path}/loc_hfnet.db",
      "image_path": "${global.model_proj_image_path}",
      "feature_path":"${global.model_proj_path}/features/hfnet",
      "output_model": "${global.model_proj_path}/sparse/hfnet_empty",
      "colmap":{
          "database_creator":{
              "database_path": "${database}"
          },
          "feature_importer":{
              "database_path": "${database}",
              "ImageReader.single_camera_per_folder": 1,
              "image_path": "${image_path}",
              "import_path": "${feature_path}/txt"
          }
      }  
    },

    "custom.model_reorder":{
      "note": "根据database中的图像顺序，筛选并重排model中的图像序号",
      "database": "${global.model_proj_path}/loc_hfnet.db",
      "input_model": "${global.model_proj_path}/sparse/loc",
      "output_model": "${global.model_proj_path}/sparse/hfnet_empty",
      "params":{
        "database": "${database}",
        "input_model": "${input_model}",
        "output_model": "${output_model}",
        "model_ext": ".bin"
      } 
    },

    "colmap.hfnet_model":{
      "note": "制作给定特征的定位地图",
      "database": "${global.model_proj_path}/loc_hfnet.db",
      "image_path": "${global.model_proj_image_path}",
      "input_model": "${global.model_proj_path}/sparse/hfnet_empty",
      "output_model":"${global.model_proj_path}/sparse/hfnet_loc",
      "feature_path":"${global.model_proj_path}/features/hfnet",
      "match_file":"${feature_path}/match_file.txt",
      "colmap":{
          "matches_importer":{
              "database_path": "${database}",
              "match_list_path": "${match_file}",
              "match_type": "raw"
          },
          "point_triangulator":{
              "database_path": "${database}",
              "image_path": "${image_path}",
              "input_path": "${input_model}",
              "output_path": "${output_model}"
          }
      }  
    },

    "copy.scene_net":  {
      "note": "copy scene_net",
      "src": "${global.hfnet_proj_path}/native/",
      "dst": "${global.scene_proj_path}/net_model/"
    },

    "copy.scene_features":  {
      "note": "copy scene_feature",
      "src": "${global.model_proj_path}/features/hfnet/bin",
      "dst": "${global.scene_proj_path}/features/"
    },

    "copy.scene_colmap_model":  {
      "note": "copy scene_colmap_model",
      "src": "${global.model_proj_path}/sparse/hfnet_loc",
      "dst": "${global.scene_proj_path}/colmap_model/"
    },

    "copy.scene_images":  {
      "note": "copy scene_images",
      "src": "${global.model_proj_path}/images",
      "dst": "${global.scene_proj_path}/images/"
    }

  }
}
  
