{
  "sceneName":  "Xixi_xray",
  "paths":{
    "colmap_app_path": "colmap",
    "model_proj_path":  "/data/largescene/ezxr_bd/wh-gzsct",
    "model_proj_image_path": "/data/largescene/ezxr_bd/wh-gzsct/images"
  },

  "cameras":{
      "base": "SIMPLE_RADIAL",
      "charuco": "SIMPLE_RADIAL",
      "loc": "SIMPLE_RADIAL"
  },

  "run":{
    "colmap.dense_reconstruction": 1
  },

  "commands":{
    "colmap.dense_reconstruction":  {
      "note": "dense_reconstruction",
      "database": "${global.model_proj_path}/database/wh-gzsctwh.db",
      "image_path": "${global.model_proj_image_path}",
      "dense_path": "${global.model_proj_path}/dense/",
      "input_model":"${global.model_proj_path}/sparse/wh-gzsctwh_geo_210329",
      "output_model":"${global.model_proj_path}/dense/ply",

      "colmap":{
          "image_undistorter":{
            "image_path": "${image_path}",
            "input_path": "${input_model}",
            "output_path": "${dense_path}",
            "max_image_size": 800
          },
          "patch_match_stereo":{
              "workspace_path": "${dense_path}",
              "PatchMatchStereo.filter_min_triangulation_angle": 3, 
              "PatchMatchStereo.window_radius": 5
          },
          "stereo_fusion":{
              "workspace_path": "${dense_path}",
              "StereoFusion.min_num_pixels": 5,
              "output_path": "${output_model}/wh-gzsctwh_geo_210406.ply"
          }
      }
    }   
  }
}
  
