{
  "sceneName":  "Xixi_xray",
  "paths":{
    "colmap_app_path": "colmap",
    "video_frame_path":  "/data/largescene/guobo/frames",
    "model_proj_path":  "/data/largescene/guobo/",
    "model_proj_image_path": "/data/largescene/guobo/images",
    "colmap_voc_file":  "/home/mm/ARWorkspace/colmap/vocabulary/vocab_tree_flickr100K_words256K.bin",
    "board_parameters_path": "/home/mm/ARWorkspace/colmap/scripts/sfm_toolkits/ezxr_sfm/python_scale_ezxr/config/board_ChArUco_24x12.yaml"
  },

  "cameras":{
    "base": "OPENCV_FISHEYE",
    "charuco": "OPENCV_FISHEYE",
    "loc": "SIMPLE_RADIAL"
  },
  
  "run":{
    "copy.loc_image": 0,
    "copy.locdb":0,
    "custom.rmcharuco": 0,
    "colmap.image_reg":1
  },
   
  "commands":{
    "copy.loc_image":  {
      "note": "copy base images to colmap_proj_path",
      "src": "${global.video_frame_path}/loc",
      "dst": "${global.model_proj_image_path}/loc"
    },

    "copy.locdb":  {
      "note": "copy database to loc.db",
      "src": "${global.model_proj_path}/database.db",
      "dst": "${global.model_proj_path}/loc.db"
    },

    "custom.rmcharuco":{
      "note": "remove charuco images",
      "src": "${global.model_proj_image_path}/charuco"
    },
  
    "colmap.image_reg":  {
      "note": "registration loc images",
      "database": "${global.model_proj_path}/loc_f2daynight.db",
      "image_path": "${global.model_proj_image_path}",
      "input_model":"${global.model_proj_path}/sparse/loc_f2out",
      "output_model":"${global.model_proj_path}/sparse/loc_f2daynight_2",
      "vocfile":"${global.colmap_voc_file}",
      "colmap":{
          "feature_extractor":{
              "database_path": "${database}",
              "image_path": "${image_path}",
              "ImageReader.single_camera_per_folder": 1,
              "ImageReader.default_focal_length_factor": 0.85,
              "ImageReader.camera_model": "camera.loc",
              "image_list_path":"/data/largescene/guobo/loc_images.txt"
          },
          "matches_importer":{
            "database_path": "${database}",
            "match_list_path": "/data/largescene/guobo/custom_match_list_f2daynight.txt"
          },
          "mapper":{
              "database_path": "${database}",
              "image_path": "${image_path}",
              "input_path": "${input_model}",
              "output_path": "${output_model}",
              "image_list_path":"/data/largescene/guobo/loc_images.txt",
              "Mapper.fix_existing_images": 1,
              "Mapper.ba_global_images_ratio": 2,
              "Mapper.ba_global_points_ratio": 2,
              "Mapper.abs_pose_min_num_inliers": 60,
              "Mapper.ba_global_max_refinement_change": 0.01
          },
          "model_aligner":{
            "ref_images_path": "${input_model}/geos.txt",
            "input_path": "${output_model}",
            "output_path": "${output_model}",
            "robust_alignment_max_error": 0.05
          }
      },
      "colmap_seqmatch":{
          "note": "当场景相似度高/对速度要求高时，可以使用sequential_matcher + vocab_tree_matcher 替换掉暴力匹配, 或seq+loop_detect",
          "feature_extractor":{
            "database_path": "${database}",
            "image_path": "${image_path}",
            "ImageReader.single_camera_per_folder": 1,
            "ImageReader.camera_model": "camera.loc"
          },
          "sequential_matcher":{
              "database_path": "${database}",
              "SiftMatching.min_num_inliers": 100,
              "SequentialMatching.overlap": 10,
              "SequentialMatching.loop_detection": 0,
              "SequentialMatching.loop_detection_period": 10,
              "SequentialMatching.vocab_tree_path": "${vocfile}"
          },
          "vocab_tree_matcher":{
            "database_path": "${database}",
            "SiftMatching.min_num_inliers": 200,
            "VocabTreeMatching.vocab_tree_path": "${vocfile}"
          },
          "mapper":{
              "database_path": "${database}",
              "image_path": "${image_path}",
              "output_path": "${output_model}",
              "Mapper.abs_pose_min_num_inliers": 50
          },
          "model_aligner":{
            "ref_images_path": "${input_model}/geos.txt",
            "input_path": "${output_model}",
            "output_path": "${output_model}",
            "robust_alignment_max_error": 0.05
          }
      }
    }

    
  }
}
  
