{
  "sceneName":  "Xixi_test_butterfly",
  "paths":{
    "colmap_app_path": "colmap",
    "video_path":  "/media/netease/Storage/LargeScene/Scene/XixiWetland/raw_cam/test_butterfly/videos",
    "video_frame_path":  "/media/netease/Storage/LargeScene/Scene/XixiWetland/raw_cam/test_butterfly/images",
    "model_proj_path":  "/media/netease/Dataset/LargeScene/Scene/xixiwetland/colmap_model/test_butterfly",
    "model_proj_image_path": "/media/netease/Dataset/LargeScene/Scene/xixiwetland/colmap_model/test_butterfly/images",
    "colmap_voc_file":  "/home/netease/ARWorkspace/colmap_ezxr/vocabulary/vocab_tree_flickr100K_words256K.bin",
    "board_parameters_path": "/home/netease/ARWorkspace/colmap_ezxr/scripts/sfm_toolkits/ezxr_sfm/python_scale_ezxr/config/board_ChArUco_24x12.yaml"
  },

  "cameras":{
      "base": "SIMPLE_RADIAL",
      "charuco": "SIMPLE_RADIAL",
      "loc": "SIMPLE_RADIAL"
  },

  "run":{
    "custom.rawdata_process": 0,
    "custom.create_recons_proj": 0,
    "copy.base_image": 0,
    "colmap.base_reconstruction": 0,
    "custom.create_gravity_list": 1,
    "colmap.gravity": 1,
    "colmap.makegeo": 2,    
    "custom.rescale": 2
    
  },
   
  "commands":{
    "custom.rawdata_process":  {
      "note": "从视频序列中提取图像帧",
      "params":{
        "interval":  30,
        "multithread": true,
        "flip180": false,
        "resize": false,
        "width": 1280,
        "height": 720,
        "clip": -1
      }   
    },
  
    "custom.create_recons_proj":  {
      "note": "copy images to colmap_proj_path"
    },

    "copy.base_image":  {
      "note": "copy base images to colmap_proj_path",
      "src": "${global.video_frame_path}/base",
      "dst": "${global.model_proj_image_path}/base"
    },
  
    "colmap.base_reconstruction":  {
      "note": "reconstruct with base frames 骨架地图",
      "database": "${global.model_proj_path}/database.db",
      "image_path": "${global.model_proj_image_path}",
      "input_model":"",
      "output_model":"${global.model_proj_path}/sparse/org",
      "colmap":{
          "feature_extractor":{
              "database_path": "${database}",
              "image_path": "${image_path}",
              "ImageReader.single_camera_per_folder": 1,
              "ImageReader.camera_model": "camera.base"
          },
          "exhaustive_matcher":{
              "database_path": "${database}",
              "SiftMatching.min_num_inliers": 100
          },
          "mapper":{
              "database_path": "${database}",
              "image_path": "${image_path}",
              "output_path": "${output_model}",
              "Mapper.abs_pose_min_num_inliers": 50
          }
      }
    },

    "custom.create_gravity_list":{
      "note": "生成需要删除的imagelist，仅保留base/gravity文件夹中的内容 方便进行重力对齐",
      "image_path": "${global.model_proj_image_path}",
      "folder": "${global.model_proj_image_path}/base/gravity",
      "gravity_list": "${global.model_proj_path}/gravity_delete_list.txt"
    },

    "colmap.gravity":  {
      "note": "仅用base/gravity生成model，align to gravity(run export geo to get gravityz)",
      "database": "${global.model_proj_path}/database.db",
      "image_path": "${global.model_proj_image_path}",
      "input_model":"${global.model_proj_path}/sparse/org",
      "gravity_model":"${global.model_proj_path}/sparse/org_select_gravity",
      "gravity_list": "${global.model_proj_path}/gravity_delete_list.txt",
      "output_model":"${global.model_proj_path}/sparse/org_gravity",
      "colmap":{
        "image_deleter":{
          "input_path": "${input_model}",
          "output_path": "${gravity_model}",
          "image_names_path": "${gravity_list}"
        },

        "model_orientation_aligner":{
          "image_path": "${image_path}",
          "input_path": "${gravity_model}",
          "output_path": "${output_model}",
          "max_image_size": 1024
        }
      }
    },

    "colmap.makegeo": {
      "note": "produce geo model with only base images(for dense reconstruction)",
      "ref_images_txt": "${global.model_proj_path}/sparse/org_gravity/geos.txt",
      "database": "${global.model_proj_path}/database.db",
      "image_path": "${global.model_proj_image_path}",
      "input_model":"${global.model_proj_path}/sparse/org",
      "output_model":"${global.model_proj_path}/sparse/org_geo",
      "colmap":{
        "model_aligner":{
          "ref_images_path": "${ref_images_txt}",
          "input_path": "${input_model}",
          "output_path": "${output_model}",
          "robust_alignment_max_error": 0.05
        }
      }
    },

    "custom.rescale":{
      "note": "手动输入尺度scale，rescale模型",
      "input_model":"${global.model_proj_path}/sparse/org_geo",
      "output_model":"${global.model_proj_path}/sparse/geo",
      "scale":0.8749695667795676
    }
  }
}
  