{
    "nodeConfig":
    [
        {
            "nodeNameInDict": "blockA",
            "startMergeId":-1,
            "importMergeOrders": false,
            "runBaseRecon":true,
            "sfmConfig":
            {
		"runDBClean":true,
                "runFeatureExtractor":true,
                "runMatcher":true,
                "note":"以下参数必须设置为以下三个值之一, negative:不运行；positive:运行；neutral:由算法自行决定",
                "runMapper":"neutral"
            },
            "note":"以下参数必须设置为以下三个值之一, negative:不运行；positive:运行；neutral:由算法自行决定",
            "runScaleRec":"neutral",
            "runGravityRec":"neutral",
            "runCharucoDelete":"neutral"
        },
        {
	    "nodeNameInDict": "food",
            "startMergeId":-1,
            "importMergeOrders": false,
            "runBaseRecon":true,
            "sfmConfig":
            {
		"runDBClean":true,
                "runFeatureExtractor":true,
                "runMatcher":true,
                "note":"以下参数必须设置为以下三个值之一, negative:不运行；positive:运行；neutral:由算法自行决定",
                "runMapper":"neutral"
            },
            "note":"以下参数必须设置为以下三个值之一, negative:不运行；positive:运行；neutral:由算法自行决定",
            "runScaleRec":"neutral",
            "runGravityRec":"neutral",
            "runCharucoDelete":"neutral"
        }
    ]
}
