{
  "sceneName":  "Xixi_test_butterfly",
  "paths":{
    "colmap_app_path": "colmap",
    "video_path":  "/media/netease/Storage/LargeScene/Scene/XixiWetland/raw_cam/test_butterfly/videos",
    "video_frame_path":  "/media/netease/Storage/LargeScene/Scene/XixiWetland/raw_cam/test_butterfly/images",
    "model_proj_path":  "/media/administrator/RichMan/gps_test/qianjiang-park_210207",
    "model_proj_image_path": "/media/administrator/RichMan/gps_test/qianjiang-park_210207/images",
    "colmap_voc_file":  "/home/netease/git/colmap_sfm/vocabulary/vocab_tree_flickr100K_words256K.bin",
    "board_parameters_path": "/home/administrator/git/colmap_sfm/scripts/sfm_toolkits/ezxr_sfm/python_scale_ezxr/config/board_ChArUco_24x12.yaml"
  },

  "cameras":{
      "base": "SIMPLE_RADIAL",
      "charuco": "SIMPLE_RADIAL",
      "loc": "SIMPLE_RADIAL"
  },

  "run":{
    "custom.rawdata_process": 0,
    "custom.create_recons_proj": 0,
    "copy.base_image": 0,
    "colmap.base_reconstruction": 0,
    "copy.charucoimage": 0,
    "copy.db":0,
    "custom.charuco_match_list": 0,
    "colmap.charuco_registration":0,
    "custom.charuco_detect":2,
    "custom.create_gravity_list": 0,
    "colmap.gravity": 2,
    "colmap.makegeo": 2
  },
   
  "commands":{
    "custom.rawdata_process":  {
      "note": "从视频序列中提取图像帧",
      "params":{
        "interval":  30,
        "multithread": true,
        "flip180": false,
        "resize": false,
        "width": 1280,
        "height": 720,
        "clip": -1
      }   
    },
  
    "custom.create_recons_proj":  {
      "note": "copy images to colmap_proj_path"
    },

    "copy.base_image":  {
      "note": "copy base images to colmap_proj_path",
      "src": "${global.video_frame_path}/base",
      "dst": "${global.model_proj_image_path}/base"
    },
  
    "colmap.base_reconstruction":  {
      "note": "reconstruct with base frames 骨架地图",
      "database": "${global.model_proj_path}/database.db",
      "image_path": "${global.model_proj_image_path}",
      "input_model":"",
      "output_model":"${global.model_proj_path}/sparse/org",
      "colmap":{
          "feature_extractor":{
              "database_path": "${database}",
              "image_path": "${image_path}",
              "ImageReader.single_camera_per_folder": 1,
              "ImageReader.camera_model": "camera.base"
          },
          "exhaustive_matcher":{
              "database_path": "${database}"
          },
          "mapper":{
              "database_path": "${database}",
              "image_path": "${image_path}",
              "output_path": "${output_model}",
              "Mapper.abs_pose_min_num_inliers": 60
          }
      }
    },

    "copy.charucoimage":  {
      "note": "copy charuco images to colmap_proj_path",
      "src": "${global.video_frame_path}/charuco",
      "dst": "${global.model_proj_image_path}/charuco"
    },

    "copy.db":  {
      "note": "copy db to charuco.db",
      "src": "${global.model_proj_path}/database.db",
      "dst": "${global.model_proj_path}/charuco.db"
    },

    "custom.charuco_match_list":{
      "note": "generate charuco match list, match charuco folders only with base images",
      "charuco_folder": "${global.model_proj_path}/charucos",
      "match_file": "${charuco_folder}/matchlist.txt",
      "src_folders": "${global.model_proj_image_path}/charuco",
      "dst_folder": "${global.model_proj_image_path}/base"
    },

    "colmap.charuco_registration":  {
      "note": "register charuco images 标定板图像注册",
      "database": "${global.model_proj_path}/database.db",
      "image_path": "${global.model_proj_image_path}",
      "input_model":"${global.model_proj_path}/sparse/org",
      "output_model":"${global.model_proj_path}/sparse/charuco",
      "match_file": "${global.model_proj_path}/charucos/matchlist.txt",
      "colmap":{
          "feature_extractor":{
            "database_path": "${database}",
            "image_path": "${image_path}",
            "ImageReader.single_camera_per_folder": 1,
            "ImageReader.camera_model": "camera.base"
          },
          "matches_importer":{
            "database_path": "${database}",
            "match_list_path": "${match_file}",
            "SiftMatching.min_num_inliers": 100
          },
          "mapper":{
              "database_path": "${database}",
              "image_path": "${image_path}",
              "input_path": "${input_model}",
              "output_path": "${output_model}",
              "Mapper.abs_pose_min_num_inliers": 50
          }
      }
    },

    "custom.charuco_detect": {
      "note": "charuco_detect 标定板检测",
      "params":{
        "model_proj_path": "${global.model_proj_path}",
        "model_proj_image_path":  "${global.model_proj_image_path}",
        "input_model":"${global.model_proj_path}/sparse/org",
        "output_model":"${global.model_proj_path}/sparse/charuco_rescale",
        "board_parameters_path":"${global.board_parameters_path}",
        "selected_image_path": "charuco"
      }
    }, 

    "custom.create_gravity_list":{
      "note": "生成需要删除的imagelist，仅保留base/gravity文件夹中的内容 方便进行重力对齐",
      "image_path": "${global.model_proj_image_path}",
      "folder": "${global.model_proj_image_path}/base/gravity",
      "gravity_list": "${global.model_proj_path}/gravity_delete_list.txt"
    },

    "colmap.gravity":  {
      "note": "仅用base/gravity生成model，align to gravity(run export geo to get gravityz)",
      "database": "${global.model_proj_path}/database.db",
      "image_path": "${global.model_proj_image_path}",
      "input_model":"${global.model_proj_path}/sparse/charuco_rescale",
      "gravity_model":"${global.model_proj_path}/sparse/charuco_rescale_select_gravity",
      "gravity_list": "${global.model_proj_path}/gravity_delete_list.txt",
      "output_model":"${global.model_proj_path}/sparse/gravity",
      "colmap":{

        "model_orientation_aligner":{
          "image_path": "${image_path}",
          "input_path": "${input_model}",
          "output_path": "${output_model}",
          "max_image_size": 1024
        }
      }
    },

    "colmap.makegeo": {
      "note": "produce geo model with only base images(for dense reconstruction)",
      "ref_images_txt": "${global.model_proj_path}/sparse/gravity/geos.txt",
      "database": "${global.model_proj_path}/database.db",
      "image_path": "${global.model_proj_image_path}",
      "input_model":"${global.model_proj_path}/sparse/org",
      "output_model":"${global.model_proj_path}/sparse/geo",
      "colmap":{
        "model_aligner":{
          "ref_images_path": "${ref_images_txt}",
          "input_path": "${input_model}",
          "output_path": "${output_model}",
          "robust_alignment_max_error": 0.05
        }
      }
    }
  }
}
  