{
  "sceneName":  "Xixi_xray",
  "paths":{
    "colmap_app_path": "colmap",
    "model_proj_path":  "/data/largescene/xiyou/scenedyj/",
    "model_proj_image_path": "/data/largescene/xiyou/scenedyj/images"
  },

  "cameras":{
      "base": "SIMPLE_RADIAL",
      "charuco": "SIMPLE_RADIAL",
      "loc": "SIMPLE_RADIAL"
  },

  "run":{
    "colmap.dense_reconstruction": 1
  },

  "commands":{
    "colmap.dense_reconstruction":  {
      "note": "dense_reconstruction",
      "database": "${global.model_proj_path}/database/diyijing.db",
      "image_path": "${global.model_proj_image_path}",
      "dense_path": "${global.model_proj_path}/dense/diyijing/",
      "input_model":"${global.model_proj_path}/sparse/diyijing/geo_210316",
      "output_model":"${global.model_proj_path}/dense/diyijing/ply",

      "colmap":{
          "image_undistorter":{
            "image_path": "${image_path}",
            "input_path": "${input_model}",
            "output_path": "${dense_path}",
            "max_image_size": 1500
          },
          "patch_match_stereo":{
              "workspace_path": "${dense_path}",
              "PatchMatchStereo.filter_min_triangulation_angle": 3, 
              "PatchMatchStereo.window_radius": 5
          },
          "stereo_fusion":{
              "workspace_path": "${dense_path}",
              "StereoFusion.min_num_pixels": 5,
              "output_path": "${output_model}/diyijing_210316_1500.ply"
          }
      }
    }   
  }
}
  
