{
  "sceneName":  "Xixi_xray",
  "paths":{
    "colmap_app_path": "colmap",
    "video_frame_path":  "/media/netease/Storage/LargeScene/Scene/XixiWetland/raw_cam/xray_test_material/images",
    "model_proj_path":  "/media/netease/Storage/LargeScene/Scene/XixiWetland/colmap_model/xray_test_material",
    "model_proj_image_path": "/media/netease/Storage/LargeScene/Scene/XixiWetland/colmap_model/xray_test_material/images",
    "colmap_voc_file":  "/home/netease/ARWorkspace/colmap_ezxr/vocabulary/vocab_tree_flickr100K_words256K.bin"
  },

  "cameras":{
      "base": "OPENCV_FISHEYE",
      "charuco": "OPENCV_FISHEYE",
      "loc": "SIMPLE_RADIAL"
  },
  
  "run":{
    "copy.loc_image": 1,
    "copy.locdb":1,
    "custom.rmcharuco": 2,
    "colmap.image_reg":2
  },
   
  "commands":{
    "copy.loc_image":  {
      "note": "copy base images to colmap_proj_path",
      "src": "${global.video_frame_path}/loc",
      "dst": "${global.model_proj_image_path}/loc"
    },

    "copy.locdb":  {
      "note": "copy database to loc.db",
      "src": "${global.model_proj_path}/database.db",
      "dst": "${global.model_proj_path}/loc.db"
    },

    "custom.rmcharuco":{
      "note": "remove charuco images",
      "src": "${global.model_proj_image_path}/charuco"
    },
  
    "colmap.image_reg":  {
      "note": "registration loc images",
      "database": "${global.model_proj_path}/loc.db",
      "image_path": "${global.model_proj_image_path}",
      "input_model":"${global.model_proj_path}/sparse/geo",
      "output_model":"${global.model_proj_path}/sparse/loc",
      "vocfile":"${global.colmap_voc_file}",
      "colmap":{
          "feature_extractor":{
              "database_path": "${database}",
              "image_path": "${image_path}",
              "ImageReader.single_camera_per_folder": 1,
              "ImageReader.camera_model": "camera.loc"
          },
          "exhaustive_matcher":{
              "database_path": "${database}",
              "SiftMatching.min_num_inliers": 300
          },
          "mapper":{
              "database_path": "${database}",
              "image_path": "${image_path}",
              "input_path": "${input_model}",
              "output_path": "${output_model}",
              "Mapper.abs_pose_min_num_inliers": 50
          },
          "model_aligner":{
            "ref_images_path": "${input_model}/geos.txt",
            "input_path": "${output_model}",
            "output_path": "${output_model}",
            "robust_alignment_max_error": 0.05
          }
      },
      "colmap_seqmatch":{
          "note": "当场景相似度高/对速度要求高时，可以使用sequential_matcher + vocab_tree_matcher 替换掉暴力匹配, 或seq+loop_detect",
          "feature_extractor":{
            "database_path": "${database}",
            "image_path": "${image_path}",
            "ImageReader.single_camera_per_folder": 1,
            "ImageReader.camera_model": "camera.loc"
          },
          "sequential_matcher":{
              "database_path": "${database}",
              "SiftMatching.min_num_inliers": 100,
              "SequentialMatching.overlap": 10,
              "SequentialMatching.loop_detection": 0,
              "SequentialMatching.loop_detection_period": 10,
              "SequentialMatching.vocab_tree_path": "${vocfile}"
          },
          "vocab_tree_matcher":{
            "database_path": "${database}",
            "SiftMatching.min_num_inliers": 200,
            "VocabTreeMatching.vocab_tree_path": "${vocfile}"
          },
          "mapper":{
              "database_path": "${database}",
              "image_path": "${image_path}",
              "output_path": "${output_model}",
              "Mapper.abs_pose_min_num_inliers": 50
          },
          "model_aligner":{
            "ref_images_path": "${input_model}/geos.txt",
            "input_path": "${output_model}",
            "output_path": "${output_model}",
            "robust_alignment_max_error": 0.05
          }
      }
    }

    
  }
}
  
