{
  "sceneName":"ezxrsales",
  "paths":{
    "note1": "重点配置以下参数, scene_name是指scene_graph.json中定义的场景名称",
    "colmap_app_path": "colmap",
    "colmap_proj_path": "/home/lzx/lzx-codes/colmap_sfm",
    "hfnet_proj_path": "/home/lzx/lzx-codes/AREngine2/src/dlfeatures/",
    "model_proj_path":  "/media/lzx/软件/lzx-data/ezxrsales",
    "videos_export_json_path": "/media/lzx/软件/lzx-data/ezxrsales/exportTrainingData.json",
    "scene_graph_name": "scene_graph",
    "scene_name": "migutest",
    "note2": "以下为默认配置，请酌情修改，image_ext目前是个无效参数，不用管；feature_map_sample_interval是指定位地图制作时每个序列的采样间隔",
    "model_proj_image_path": "${model_proj_path}/images",
    "scene_proj_path": "${model_proj_path}/dlreloc/",
    "matcher_path": "${colmap_proj_path}/scripts/sfm_toolkits/ezxr_sfm/colmap_process/match_features_with_db_prior.py",
    "image_ext": ".png",
    "video_parse_interval": "20",
    "feature_map_sample_interval": "2",
    "dense_rec_max_image_size": "2000"
  },
  
  "cameras":{
      "base": "OPENCV_FISHEYE",
      "charuco": "OPENCV_FISHEYE",
      "loc": "SIMPLE_RADIAL"
  },
  
  "runNote":"logical.custom_feature_map是一个组合的逻辑模块，将global_status设为0,则其下所有子模块的状态都会被置0;只有global_status不为0时，其下子模块的状态设置才有效",
  "run":{
    "external.download_videos": 1,
    "external.videos_to_images": 1,
    "external.base_reconstruction":1,
    "logical.custom_feature_map":{
    	"global_status": 1,
        "external.hfnet_extractor": 1,
        "external.hfnet_matcher": 1,
        "colmap.hfnet_database": 1,
    	"custom.model_reorder": 1,
    	"colmap.hfnet_model": 1,
    	"copy.scene_net": 1,
    	"copy.scene_features": 1,
    	"copy.scene_colmap_model": 1
    },
    "colmap.dense_reconstruction": 1
  },

  "commands":{
    "external.download_videos":{
      "note": "从数据平台拉取原始视频数据",
      "name":"download_videos",
      "type": "python",
      "request": "launch",
      "compiler": "python3",
      "program": "${global.colmap_proj_path}/scripts/sfm_toolkits/ezxr_sfm/colmap_process_loop_folders/download_raw_data.py",
      "args":[
        "--projPath", "${global.model_proj_path}",
        "--routeJson", "${global.videos_export_json_path}",
        "--maxTryTime", "10"
      ]  
    },
    "external.videos_to_images":{
      "note": "将视频文件解析为jpg图片",
      "name":"videos_to_images",
      "type": "python",
      "request": "launch",
      "compiler": "python3",
      "program": "${global.colmap_proj_path}/scripts/sfm_toolkits/ezxr_sfm/colmap_process_loop_folders/videos_to_images_with_lists.py",
      "args":[
        "--srcpath", "${global.model_proj_path}/videos/", 
        "--dstpath", "${global.model_proj_path}/images/",
        "--smalldstpath","${global.model_proj_path}/images_ds/",
        "--interval", "${global.video_parse_interval}",
        "--shortsize", "640",
        "--imageListSuffix", "",
        "--multithread" 
      ]  
    },
    "external.base_reconstruction":{
      "note": "按照2.0逻辑进行骨架重建",
      "name":"base_reconstruction",
      "type": "python",
      "request": "launch",
      "compiler": "python3",
      "program": "${global.colmap_proj_path}/scripts/sfm_toolkits/ezxr_sfm/colmap_process_loop_folders/base_reconstruction.py",
      "args":[
        "--projPath", "${global.model_proj_path}",
        "--sceneGraph", "${global.scene_graph_name}", 
        "--useExhaustiveSFM",
        "--boardParam", "${global.colmap_proj_path}/scripts/sfm_toolkits/ezxr_sfm/python_scale_ezxr/config/board_ChArUco_24x12.yaml"
      ]  
    },
    "external.hfnet_extractor":  {
      "note": "hfnet特征提取，外部python命令",
      "name": "hfnet_extractor",
      "image_path": "${global.model_proj_image_path}",
      "input_model":"${global.model_proj_path}/sparse/${global.scene_name}/0",
      "feature_path":"${global.model_proj_path}/features/hfnet",
      "type": "python",
      "request": "launch",
      "compiler": "python3",
      "program": "${global.hfnet_proj_path}/tools/extract_features.py",
      "args":[
        "--jonson_tag", "hfnet",
	"--dlfeatures_type", "hfnet",
	"--dlfeatures_assets_path", "${global.hfnet_proj_path}/native/assets_hfnet",
        "--image_path","${image_path}",
        "--image_ext", "${global.image_ext}",
        "--model_path","${input_model}",
        "--feature_path","${feature_path}",
        "--image_subfolder_nums", "-1",
        "--image_subfolders_list_file", "${global.model_proj_path}/config/allSeqs.txt",
        "--interval", "${global.feature_map_sample_interval}"
      ]  
    },

    "external.hfnet_matcher":{
      "note": "hfnet特征匹配，外部python命令",
      "name": "hfnet_matcher",
      "database": "${global.model_proj_path}/database/${global.scene_name}.db",
      "image_path": "${global.model_proj_image_path}",
      "feature_path":"${global.model_proj_path}/features/hfnet",
      "match_file":"${feature_path}/match_file.txt",
      "type": "python",
      "request": "launch",
      "compiler": "python3",
      "program": "${global.matcher_path}",
      "args":[
        "--database_file", "${database}",
        "--feature_ext", ".npz",
        "--image_dir", "${image_path}",
        "--feature_dir", "${feature_path}/npz",
        "--match_list_path", "${match_file}",
        "--use_ratio_test", 
        "--ratio_test_values 0.8"
      ]
    },

    "colmap.hfnet_database":{
      "note": "新建db，导入自定义特征",
      "database": "${global.model_proj_path}/database/loc_hfnet.db",
      "image_path": "${global.model_proj_image_path}",
      "feature_path":"${global.model_proj_path}/features/hfnet",
      "output_model": "${global.model_proj_path}/sparse/hfnet_empty",
      "colmap":{
          "database_creator":{
              "database_path": "${database}"
          },
          "feature_importer":{
              "database_path": "${database}",
              "ImageReader.single_camera_per_folder": 1,
              "image_path": "${image_path}",
              "import_path": "${feature_path}/txt"
          }
      }  
    },

    "custom.model_reorder":{
      "note": "根据database中的图像顺序，筛选并重排model中的图像序号",
      "database": "${global.model_proj_path}/database/loc_hfnet.db",
      "input_model": "${global.model_proj_path}/sparse/${global.scene_name}/0",
      "output_model": "${global.model_proj_path}/sparse/hfnet_empty",
      "params":{
        "database": "${database}",
        "input_model": "${input_model}",
        "output_model": "${output_model}",
        "model_ext": ".bin"
      } 
    },

    "colmap.hfnet_model":{
      "note": "制作给定特征的定位地图",
      "database": "${global.model_proj_path}/database/loc_hfnet.db",
      "image_path": "${global.model_proj_image_path}",
      "input_model": "${global.model_proj_path}/sparse/hfnet_empty",
      "output_model":"${global.model_proj_path}/sparse/hfnet_loc",
      "feature_path":"${global.model_proj_path}/features/hfnet",
      "match_file":"${feature_path}/match_file.txt",
      "colmap":{
          "matches_importer":{
              "database_path": "${database}",
              "match_list_path": "${match_file}",
              "match_type": "raw"
          },
          "point_triangulator":{
              "database_path": "${database}",
              "image_path": "${image_path}",
              "input_path": "${input_model}",
              "output_path": "${output_model}"
          }
      }  
    },

    "copy.scene_net":  {
      "note": "copy scene_net",
      "src": "${global.hfnet_proj_path}/native/",
      "dst": "${global.scene_proj_path}/net_model/"
    },

    "copy.scene_features":  {
      "note": "copy scene_feature",
      "src": "${global.model_proj_path}/features/hfnet/bin",
      "dst": "${global.scene_proj_path}/features/"
    },

    "copy.scene_colmap_model":  {
      "note": "copy scene_colmap_model",
      "src": "${global.model_proj_path}/sparse/hfnet_loc",
      "dst": "${global.scene_proj_path}/colmap_model/"
    },
    "colmap.dense_reconstruction":  {
      "note": "dense_reconstruction",
      "image_path": "${global.model_proj_image_path}",
      "dense_path": "${global.model_proj_path}/dense/${global.scene_name}/",
      "input_model":"${global.model_proj_path}/sparse/${global.scene_name}_CharucoDeleted/0",
      "output_model":"${global.model_proj_path}/dense/${global.scene_name}/ply",

      "colmap":{
          "image_undistorter":{
            "image_path": "${image_path}",
            "input_path": "${input_model}",
            "output_path": "${dense_path}",
            "max_image_size": "${global.dense_rec_max_image_size}"
          },
          "patch_match_stereo":{
              "workspace_path": "${dense_path}",
              "PatchMatchStereo.window_radius": 5,
              "PatchMatchStereo.min_triangulation_angle": 1,
	      "PatchMatchStereo.max_image_size": "${global.dense_rec_max_image_size}"
          },
          "stereo_fusion":{
              "workspace_path": "${dense_path}",
              "StereoFusion.min_num_pixels": 5,
              "output_path": "${output_model}/model.ply"
          }
      }
    }   
  }
}
  
