{
    "note":"以下内容中，数组类字段中的元素可以为空，但是字段必须存在;所有元素的编号都要满足：在父节点范围内，从1开始，逐1递增",
    "Items":
    [
        {
            "name": "blockA",
            "idx": 1,
            "type": "scene",
            "members":{
                "indices":
                [
                    [1, "food"]
                ],
                "note":"edges记录成员之间的关系，这里序号为地点",
                "edges":
                [   
                ]
            }
        },
        {   
            "name": "food",
            "idx": 1,
            "type": "place",
            "parent": "blockA",
            "note":"如果一个地点的路径间的关联关系不是联通的，一定要把interconnected置为false",
            "interconnected": false,
            "members":{
                "indices":
                [
                    [1, "r1", "OPENCV_FISHEYE", 0.45],
                    [2, "r2", "OPENCV_FISHEYE", 0.45],
                    [3, "r3", "OPENCV_FISHEYE", 0.45],
                    [4, "r4", "OPENCV_FISHEYE", 0.45],
                    [5, "r5", "OPENCV_FISHEYE", 0.45],
                    [6, "r6", "OPENCV_FISHEYE", 0.45],
                    [7, "r7", "OPENCV_FISHEYE", 0.45],
                    [8, "r8", "OPENCV_FISHEYE", 0.45]
                ],
                "note":"edges记录成员之间的关系，包括charuco路线；这里序号为路线;charuco_ids记录charuco路线",
                "edges":
                [   
                ],
                "charuco_ids":
                [
                    5,
                    6,
                    7,
                    8
                ]
            },
            "neighbors":
            [
            ]
        }
    ]
}
