{
    "note1":"以下内容中，数组类字段中的元素可以为空，但是字段必须存在;所有元素的编号都要满足：在父节点范围内，从1开始，逐1递增",
    "note2":"注意本示例是一个增补graph,除了scene节点信息中继承了原始scene_graph的信息，place节点信息只包括新增place，不可把原始scene_graph中的节点信息拷贝过来",
    "Items":
    [
        {
            "name": "blockA",
            "idx": 1,
            "type": "scene",
            "members":{
                "note": "food是从原地图scene_graph中继承的节点，包括编号的继承；另外两个是新增place，在原地图的基础上继续按照统一的原则编号",
                "indices":
                [
                    [1, "food"],
                    [2, "foodDay"],
                    [3, "foodNight"]
                ],
                "note":"edges记录成员之间的关系，这里序号为地点;注意继承原地图中的place间关系，并添加新增的place间关系",
                "edges":
                [   
                    [1,2],
                    [1,3]
                ]
            }
        },
        {   
            "name": "foodDay",
            "idx": 2,
            "type": "place",
            "parent": "blockA",
            "note":"如果一个地点的路径间的关联关系不是联通的，一定要把interconnected置为false",
            "interconnected": false,
            "members":{
                "indices":
                [
                    [1, "r1", "SIMPLE_RADIAL", 0.85],
                    [2, "r2", "SIMPLE_RADIAL", 0.85]
                ],
                "note":"edges记录成员之间的关系，包括charuco路线；这里序号为路线;charuco_ids记录charuco路线",
                "edges":
                [   
                ],
                "charuco_ids":
                [
                ]
            },
            "neighbors":
            [
                {
                    "name":"food",
                    "note": "edges中记录的是当前块member，隔壁块member序号",
                    "edges":[
                        [1, 1],
                        [2, 2]
                    ]
                }
            ]
        },
        {   
            "name": "foodNight",
            "idx": 3,
            "type": "place",
            "parent": "blockA",
            "note":"如果一个地点的路径间的关联关系不是联通的，一定要把interconnected置为false",
            "interconnected": false,
            "members":{
                "indices":
                [
                    [1, "r1", "SIMPLE_RADIAL", 0.85],
                    [2, "r2", "SIMPLE_RADIAL", 0.85]
                ],
                "note":"edges记录成员之间的关系，这里序号为路线;charuco_pairs记录charuco路线和它的附属路线",
                "edges":
                [   
                ],
                "charuco_ids":
                [
                ]
            },
            "neighbors":
            [
                {
                    "name":"food",
                    "note": "relation中记录的是当前块member，隔壁块member序号",
                    "edges":[
                        [1, 1],
                        [2, 2]
                    ]
                }
            ]
        }
    ]
}
