{
  "sceneName":  "Xixi_test_butterfly",
  "paths":{
    "colmap_app_path": "colmap",
    "video_path":  "/media/netease/Dataset/LargeScene/TestScene/Tianmuli/videos",
    "video_frame_path":  "/media/netease/Dataset/LargeScene/TestScene/Tianmuli/images",
    "model_proj_path":  "/media/netease/Storage/LargeScene/Scene/XixiWetland/colmap_model/test_butterfly",
    "model_proj_image_path": "/media/netease/Storage/LargeScene/Scene/XixiWetland/colmap_model/test_butterfly/images",
    "colmap_voc_file":  "/home/netease/ARWorkspace/colmap_ezxr/vocabulary/vocab_tree_flickr100K_words256K.bin",
    "board_parameters_path": "/home/netease/ARWorkspace/colmap_ezxr/scripts/sfm_toolkits/ezxr_sfm/python_scale_ezxr/config/board_ChArUco_24x12.yaml"
  },

  "cameras":{
      "base": "SIMPLE_RADIAL",
      "charuco": "SIMPLE_RADIAL",
      "loc": "SIMPLE_RADIAL"
  },

  "run":{
    "custom.rawdata_process": 1
  },
   
  "commands":{
    "custom.rawdata_process":  {
      "note": "从视频序列中提取图像帧",
      "params":{
        "interval":  300,
        "multithread": true,
        "flip180": false,
        "resize": false,
        "width": 1280,
        "height": 720,
        "clip": -1
      }   
    }
  }
}
  